{
  "n_samples": 50,
  "accuracy": 0.74,
  "auc": 0.8344155844155844,
  "precision": 0.6923076923076923,
  "recall": 0.9642857142857143,
  "f1_score": 0.8059701492537313,
  "confusion_matrix": [
    [
      10,
      12
    ],
    [
      1,
      27
    ]
  ],
  "threshold": 0.5
}